task,task_label,repetition,baseline_attempt,contended_attempt,baseline_actions,contended_actions,baseline_baseline_similarity,baseline_contended_similarity,similarity_delta,baseline_wall_seconds,contended_wall_seconds,wall_ratio,same_patch_files,same_patch_bytes
psf__requests-1921,Requests,1,a-f975d2e54fe256ee4d76c73a,a-9e87df4560b0dda55b29ba7c,21,23,0.6190476190476191,0.6956521739130435,0.07660455486542439,174.54838336800094,349.5634987639987,2.002673940709109,True,False
psf__requests-1921,Requests,2,a-43db3599ccf4fa8494c994f2,a-731eb30875218e74ce40ed53,19,19,0.6491228070175439,0.5789473684210527,-0.07017543859649122,180.04305957999895,344.57312190099765,1.9138372937274635,True,False
psf__requests-1921,Requests,3,a-bc04724a64d7134a562e4068,a-faedfba4af14fd81fbadc142,17,18,0.6015037593984962,0.6666666666666666,0.06516290726817042,209.55575446700095,267.5569931519967,1.2767818943102769,True,False
pydata__xarray-4094,Xarray,1,a-495ecf50ffc66213dbb236db,a-59c0d156b9ab3f1b74be86ef,26,17,0.5769230769230769,0.5384615384615384,-0.038461538461538436,361.6102464320029,535.6101111009993,1.4811806810947636,True,False
pydata__xarray-4094,Xarray,2,a-7917da8837671ec91d0ff474,a-911eeb5d6d6483dd7cafa7b2,19,20,0.6761133603238867,0.75,0.07388663967611331,283.5682584160022,537.087663647002,1.894033086238729,True,False
pydata__xarray-4094,Xarray,3,a-031d08e69c5e7a09db329fda,a-8a8d9640450762f2a4a8275e,15,12,0.6376518218623481,0.6,-0.03765182186234817,282.5736343770004,421.08627543699913,1.490182466475976,True,False
scikit-learn__scikit-learn-12585,Scikit-learn,1,a-36a1be942f52c3fe2ee437ae,a-844e2dd020a73954913bd6c9,10,12,0.5772727272727273,0.5833333333333334,0.0060606060606061,112.02884698399976,231.54535999899963,2.0668369463096368,True,False
scikit-learn__scikit-learn-12585,Scikit-learn,2,a-6fa0b873a8741655161b0ed1,a-dfe990aafc6b4dd29f710c2d,10,12,0.6681818181818182,0.5,-0.1681818181818182,114.03228951300116,214.54618829299943,1.8814512030694464,True,False
scikit-learn__scikit-learn-12585,Scikit-learn,3,a-5c825d98c6cb939b7a439360,a-ee38adcb7cae8441da7f020f,11,12,0.5454545454545454,0.5,-0.045454545454545414,117.53411626000161,208.5475890029993,1.7743579110397476,True,False
sphinx-doc__sphinx-7889,Sphinx,1,a-d264c3da6a1d603c168af741,a-37f5072dc34850b859eddeff,19,14,0.6578947368421053,0.631578947368421,-0.026315789473684292,151.04324233199986,249.05427860999953,1.6488938847232038,True,False
sphinx-doc__sphinx-7889,Sphinx,2,a-6d570566a63113b243c34f2e,a-3a6db53bd225fc311e8abece,16,15,0.6282894736842105,0.625,-0.003289473684210509,154.04425312799867,267.55797139399874,1.736890315354245,True,False
sphinx-doc__sphinx-7889,Sphinx,3,a-c7a2bb9f777b67140087d3ac,a-2c3e9a0a83dd90d2cd3a690a,15,12,0.6546052631578947,0.6,-0.05460526315789471,128.53225834399927,224.54851452799994,1.7470206889777513,True,False
sympy__sympy-22456,SymPy,1,a-9584ed04b51c86d7d65f839a,a-10d72f885b809a9bfe2838b7,45,24,0.3666666666666667,0.4,0.033333333333333326,312.0727906840002,415.07845486600127,1.3300693532308072,True,False
sympy__sympy-22456,SymPy,2,a-e512026f797777d64324e4f9,a-7d49c7d5a5a0ce31738e0dc2,26,30,0.44487179487179485,0.5,0.055128205128205154,250.56468715099982,406.59139714900084,1.6227003165213516,True,False
sympy__sympy-22456,SymPy,3,a-063fb0159dd733f8f0e33896,a-8228ad80432110c81920bd00,18,20,0.34487179487179487,0.5,0.15512820512820513,116.03502125299929,422.5908232360016,3.6419248143592546,True,False
